customer_key,customer_name,age,total_orders,total_spent,total_quant,total_product,recency,avg_order_value,lifespan,average_monthly_spend,cust_lvl,age_group
1,"Jon Yang",54,3,8249,8,8,155,1031.13,27,305.52,VIP,50-59
2,"Eugene Huang",49,3,6384,11,10,147,580.36,34,187.76,VIP,40-49
3,"Ruben Torres",55,3,8114,4,4,157,2028.50,25,324.56,VIP,50-59
4,"Christy Zhu",52,3,8139,9,9,154,904.33,28,290.68,VIP,50-59
5,"Elizabeth Johnson",46,3,8196,6,6,155,1366.00,27,303.56,VIP,40-49
6,"Julio Ruiz",49,3,8121,6,6,155,1353.50,28,290.04,VIP,40-49
7,"Janet Alvarez",49,3,8119,5,5,154,1623.80,27,300.70,VIP,40-49
8,"Marco Mehta",56,3,8211,8,8,156,1026.38,26,315.81,VIP,50-59
9,"Rob Verhoff",50,3,8106,7,7,157,1158.00,25,324.24,VIP,50-59
10,"Shannon Carlson",56,3,8091,5,5,154,1618.20,27,299.67,VIP,50-59
11,"Jacquelyn Suarez",56,3,8088,4,4,154,2022.00,28,288.86,VIP,50-59
12,"Curtis Lu",56,3,8133,4,4,156,2033.25,26,312.81,VIP,50-59
13,"Lauren Walker",47,2,81,5,5,149,16.20,6,13.50,New,40-49
14,"Ian Jenkins",46,2,114,5,5,146,22.80,9,12.67,New,40-49
15,"Sydney Bennett",52,2,138,6,5,155,23.00,1,138.00,New,50-59
16,"Chloe Young",41,1,2501,3,3,158,833.67,0,2501,New,40-49
17,"Wyatt Hill",41,1,2332,3,3,157,777.33,0,2332,New,40-49
18,"Shannon Wang",76,3,6434,4,4,149,1608.50,33,194.97,VIP,"60 and above"
19,"Clarence Rai",70,3,6533,7,7,149,933.29,33,197.97,VIP,"60 and above"
20,"Luke Lal",42,17,880,33,20,146,26.67,11,80.00,New,40-49
21,"Jordan King",42,1,2317,2,2,159,1158.50,0,2317,New,40-49
22,"Destiny Wilson",42,1,2372,3,3,158,790.67,0,2372,New,40-49
23,"Ethan Zhang",41,1,2322,2,2,158,1161.00,0,2322,New,40-49
24,"Seth Edwards",41,2,122,6,6,146,20.33,10,12.20,New,40-49
25,"Russell Xie",42,2,56,6,5,152,9.33,0,56,New,40-49
26,"Alejandro Beck",74,3,6577,6,6,149,1096.17,33,199.30,VIP,"60 and above"
27,"Harold Sai",74,3,6575,7,7,149,939.29,32,205.47,VIP,"60 and above"
28,"Jessie Zhao",73,3,6591,9,9,149,732.33,33,199.73,VIP,"60 and above"
29,"Jill Jimenez",74,3,6474,5,5,149,1294.80,32,202.31,VIP,"60 and above"
30,"Jimmy Moreno",73,3,6565,7,7,148,937.86,33,198.94,VIP,"60 and above"
31,"Bethany Yuan",68,3,6471,4,4,148,1617.75,33,196.09,VIP,"60 and above"
32,"Theresa Ramos",73,3,6478,6,6,148,1079.67,33,196.30,VIP,"60 and above"
33,"Denise Stone",73,3,6525,10,10,148,652.50,32,203.91,VIP,"60 and above"
34,"Jaime Nath",67,3,6495,7,7,149,927.86,32,202.97,VIP,"60 and above"
35,"Ebony Gonzalez",73,3,6491,4,4,148,1622.75,33,196.70,VIP,"60 and above"
36,"Wendy Dominguez",72,3,6451,5,5,148,1290.20,33,195.48,VIP,"60 and above"
37,"Jennifer Russell",41,1,2355,2,2,158,1177.50,0,2355,New,40-49
38,"Chloe Garcia",42,1,2374,7,7,158,339.14,0,2374,New,40-49
39,"Diana Hernandez",72,3,6437,3,3,148,2145.67,33,195.06,VIP,"60 and above"
40,"Marc Martin",71,3,6636,9,8,148,737.33,33,201.09,VIP,"60 and above"
41,"Jesse Murphy",43,1,2351,3,3,156,783.67,0,2351,New,40-49
42,"Amanda Carter",42,1,2381,3,3,158,793.67,0,2381,New,40-49
43,"Megan Sanchez",43,2,3112,3,3,149,1037.33,8,389.00,New,40-49
44,"Nathan Simmons",44,2,48,3,3,151,16.00,3,16.00,New,40-49
45,"Adam Flores",71,3,6515,7,7,148,930.71,32,203.59,VIP,"60 and above"
46,"Leonard Nara",70,2,115,4,4,149,28.75,6,19.17,New,"60 and above"
47,"Christine Yuan",70,3,6616,6,6,148,1102.67,33,200.48,VIP,"60 and above"
48,"Jaclyn Lu",70,3,6582,4,4,148,1645.50,33,199.45,VIP,"60 and above"
49,"Jeremy Powell",69,3,6498,8,8,147,812.25,34,191.12,VIP,"60 and above"
50,"Carol Rai",40,2,81,5,5,149,16.20,7,11.57,New,40-49
51,"Alan Zheng",69,3,5007,6,6,148,834.50,32,156.47,VIP,"60 and above"
52,"Daniel Johnson",69,2,124,5,5,147,24.80,0,124,New,"60 and above"
53,"Heidi Lopez",69,3,8131,7,7,154,1161.57,27,301.15,VIP,"60 and above"
54,"Ana Price",40,1,2330,2,2,158,1165.00,0,2330,New,40-49
55,"Deanna Munoz",68,3,8223,6,6,154,1370.50,27,304.56,VIP,"60 and above"
56,"Gilbert Raje",68,3,8168,8,8,153,1021.00,28,291.71,VIP,"60 and above"
57,"Michele Nath",67,3,8207,8,8,154,1025.88,27,303.96,VIP,"60 and above"
58,"Carl Andersen",55,3,8088,4,4,154,2022.00,26,311.08,VIP,50-59
59,"Marc Diaz",60,3,8248,6,6,154,1374.67,26,317.23,VIP,"60 and above"
60,"Ashlee Andersen",66,3,117,7,6,156,16.71,0,117,New,"60 and above"
61,"Jon Zhou",66,3,8153,6,6,153,1358.83,27,301.96,VIP,"60 and above"
62,"Todd Gao",50,3,8129,6,6,153,1354.83,27,301.07,VIP,50-59
63,"Noah Powell",45,1,2352,3,3,158,784.00,0,2352,New,40-49
64,"Angela Murphy",45,1,2373,5,5,158,474.60,0,2373,New,40-49
65,"Chase Reed",44,1,2305,2,2,158,1152.50,0,2305,New,40-49
66,"Jessica Henderson",46,2,202,5,4,146,40.40,11,18.36,New,40-49
67,"Grace Butler",46,2,81,5,5,150,16.20,3,27.00,New,40-49
68,"Caleb Carter",44,2,105,6,6,146,17.50,4,26.25,New,40-49
69,"Tiffany Liang",59,3,113,9,8,149,12.56,5,22.60,New,50-59
70,"Carolyn Navarro",59,3,8104,3,3,154,2701.33,25,324.16,VIP,50-59
71,"Willie Raji",65,3,8165,10,9,153,816.50,25,326.60,VIP,"60 and above"
72,"Linda Serrano",65,3,110,7,6,148,15.71,9,12.22,New,"60 and above"
73,"Casey Luo",65,3,8194,7,7,153,1170.57,26,315.15,VIP,"60 and above"
74,"Amy Ye",64,3,192,10,9,151,19.20,4,48.00,New,"60 and above"
75,"Levi Arun",64,3,94,7,7,154,13.43,2,47.00,New,"60 and above"
76,"Felicia Jimenez",62,3,8068,5,5,153,1613.60,25,322.72,VIP,"60 and above"
77,"Blake Anderson",63,3,8159,4,4,153,2039.75,26,313.81,VIP,"60 and above"
78,"Leah Ye",63,3,8169,5,5,153,1633.80,25,326.76,VIP,"60 and above"
79,"Gina Martin",41,17,912,31,23,146,29.42,11,82.91,New,40-49
80,"Donald Gonzalez",56,3,58,5,5,147,11.60,9,6.44,New,50-59
81,"Damien Chander",61,3,8204,7,7,153,1172.00,26,315.54,VIP,"60 and above"
82,"Savannah Baker",54,2,104,5,5,155,20.80,2,52.00,New,50-59
83,"Angela Butler",54,2,3110,6,6,148,518.33,9,345.56,New,50-59
84,"Alyssa Cox",49,2,3137,5,5,148,627.40,10,313.70,New,40-49
85,"Lucas Phillips",63,2,3078,5,5,148,615.60,10,307.80,New,"60 and above"
86,"Emily Johnson",63,2,129,5,5,146,25.80,1,129.00,New,"60 and above"
87,"Ryan Brown",62,2,153,6,6,147,25.50,5,30.60,New,"60 and above"
88,"Tamara Liang",63,2,200,4,4,151,50.00,5,40.00,New,"60 and above"
89,"Hunter Davis",62,2,3176,7,7,148,453.71,9,352.89,New,"60 and above"
90,"Abigail Price",63,2,3188,7,7,148,455.43,10,318.80,New,"60 and above"
91,"Trevor Bryant",57,3,6703,6,6,148,1117.17,27,248.26,VIP,50-59
92,"Dalton Perez",63,28,1186,59,25,146,20.10,11,107.82,New,"60 and above"
93,"Cheryl Diaz",53,3,8110,5,5,153,1622.00,26,311.92,VIP,50-59
94,"Aimee He",47,3,8180,7,7,153,1168.57,26,314.62,VIP,40-49
95,"Cedric Ma",58,3,236,8,8,146,29.50,9,26.22,New,50-59
96,"Chad Kumar",58,3,8158,7,7,153,1165.43,26,313.77,VIP,50-59
97,"Andrâ”œÂ®s Anand",58,3,8063,4,4,152,2015.75,27,298.63,VIP,50-59
98,"Edwin Nara",53,3,8099,5,5,152,1619.80,27,299.96,VIP,50-59
99,"Mallory Rubio",59,3,89,4,4,149,22.25,8,11.13,New,50-59
100,"Adam Ross",59,3,8216,9,8,153,912.89,26,316.00,VIP,50-59
101,"Latasha Navarro",60,3,8172,7,7,151,1167.43,27,302.67,VIP,"60 and above"
102,"Abby Sai",55,3,8262,7,7,153,1180.29,26,317.77,VIP,50-59
103,"Julia Nelson",55,3,103,5,5,147,20.60,4,25.75,New,50-59
104,"Cassie Chande",44,3,8182,8,8,153,1022.75,25,327.28,VIP,40-49
105,"Edgar Sara",51,3,8173,6,6,153,1362.17,25,326.92,VIP,50-59
106,"Candace Fernandez",55,3,8096,5,5,154,1619.20,24,337.33,VIP,50-59
107,"Jessie Liu",56,3,8079,3,3,153,2693.00,24,336.63,VIP,50-59
108,"Bianca Lin",50,3,8171,6,6,153,1361.83,25,326.84,VIP,50-59
109,"Kari Alvarez",57,3,8124,5,5,153,1624.80,25,324.96,VIP,50-59
110,"Ruben Kapoor",45,3,8245,8,8,153,1030.63,25,329.80,VIP,40-49
111,"Curtis Yang",58,3,8093,5,5,151,1618.60,27,299.74,VIP,50-59
112,"Meredith Gutierrez",58,3,8137,8,8,151,1017.13,27,301.37,VIP,50-59
113,"Crystal Wang",58,3,8295,6,6,151,1382.50,27,307.22,VIP,50-59
114,"Micheal Blanco",53,3,110,7,7,155,15.71,2,55.00,New,50-59
115,"Leslie Moreno",58,3,123,7,6,147,17.57,9,13.67,New,50-59
116,"Alvin Cai",58,3,114,6,6,147,19.00,10,11.40,New,50-59
117,"Clinton Carlson",47,3,149,7,7,149,21.29,7,21.29,New,40-49
118,"April Deng",59,3,8185,8,8,153,1023.13,25,327.40,VIP,50-59
119,"Alvin Zeng",63,3,124,8,6,146,15.50,6,20.67,New,"60 and above"
120,"Evan James",85,2,85,4,4,148,21.25,9,9.44,New,"60 and above"
121,"Beth Jimâ”œÂ®nez",84,3,8242,10,10,150,824.20,28,294.36,VIP,"60 and above"
122,"Orlando Suarez",59,3,58,6,5,149,9.67,4,14.50,New,50-59
123,"Byron Vazquez",60,3,43,3,3,151,14.33,6,7.17,New,"60 and above"
124,"Philip Alvarez",60,3,150,8,7,146,18.75,9,16.67,New,"60 and above"
125,"Ross Jordan",57,3,8129,6,6,153,1354.83,25,325.16,VIP,50-59
126,"Dana Navarro",64,3,79,7,7,153,11.29,5,15.80,New,"60 and above"
127,"Shaun Carson",71,3,4971,8,7,149,621.38,29,171.41,Regular,"60 and above"
128,"Jan Edwards",44,2,44,3,3,150,14.67,5,8.80,New,40-49
129,"Samantha Long",44,2,144,7,7,151,20.57,1,144.00,New,40-49
130,"Julia Wright",45,2,5873,2,2,158,2936.50,17,345.47,VIP,40-49
131,"Caroline Russell",40,1,37,2,2,147,18.50,0,37,New,40-49
132,"Amanda Rivera",40,5,166,9,9,146,18.44,3,55.33,New,40-49
133,"Melissa Richardson",39,1,2372,6,6,155,395.33,0,2372,New,30-39
134,"Angela Griffin",40,1,72,4,4,147,18.00,0,72,New,40-49
135,"Larry Townsend",69,3,4911,3,3,149,1637.00,30,163.70,Regular,"60 and above"
136,"Marcus Harris",40,1,2335,3,3,155,778.33,0,2335,New,40-49
137,"Brianna Morgan",41,1,2381,3,3,159,793.67,0,2381,New,40-49
138,"Jasmine Taylor",42,2,202,5,4,146,40.40,5,40.40,New,40-49
139,"Lauren Davis",42,2,79,4,4,147,19.75,3,26.33,New,40-49
140,"Tanya Moreno",76,2,84,3,3,149,28.00,1,84.00,New,"60 and above"
141,"Javier Alvarez",43,1,40,2,2,156,20.00,0,40,New,40-49
142,"Nicole Ramirez",43,2,114,5,5,150,22.80,4,28.50,New,40-49
143,"Eduardo Patterson",43,17,979,36,23,146,27.19,11,89.00,New,40-49
144,"Jonathan Henderson",43,2,48,5,4,147,9.60,6,8.00,New,40-49
145,"Edward Hernandez",41,1,2400,3,3,158,800.00,0,2400,New,40-49
146,"Jasmine Coleman",40,1,2310,3,3,158,770.00,0,2310,New,40-49
147,"Karla Goel",81,3,113,7,6,150,16.14,7,16.14,New,"60 and above"
148,"Ernest Wu",81,3,8195,7,7,149,1170.71,29,282.59,VIP,"60 and above"
149,"Ross Vazquez",79,3,126,6,5,148,21.00,8,15.75,New,"60 and above"
150,"Theodore Gill",79,3,41,4,4,148,10.25,5,8.20,New,"60 and above"
151,"Russell Shen",79,3,192,8,7,152,24.00,3,64.00,New,"60 and above"
152,"Melinda Gill",78,3,8087,6,6,149,1347.83,29,278.86,VIP,"60 and above"
153,"James Williams",44,1,2295,1,1,158,2295.00,0,2295,New,40-49
154,"Angela James",44,2,110,5,5,156,22.00,0,110,New,40-49
155,"Megan Walker",44,1,2320,1,1,158,2320.00,0,2320,New,40-49
156,"Hunter Robinson",44,1,2320,1,1,158,2320.00,0,2320,New,40-49
157,"Maria Roberts",44,1,2390,4,4,158,597.50,0,2390,New,40-49
158,"Hannah Long",45,2,41,3,3,150,13.67,1,41.00,New,40-49
159,"Jason Wright",44,1,2396,3,3,158,798.67,0,2396,New,40-49
160,"Brianna Hughes",45,2,48,5,4,148,9.60,1,48.00,New,40-49
161,"Maurice Tang",46,1,2322,2,2,157,1161.00,0,2322,New,40-49
162,"Emily Wood",46,2,94,6,6,148,15.67,5,18.80,New,40-49
163,"Chase Cox",46,1,2330,2,2,157,1165.00,0,2330,New,40-49
164,"Gabriel Wang",45,2,46,4,4,152,11.50,3,15.33,New,40-49
165,"Devin Brooks",46,2,145,6,6,152,24.17,3,48.33,New,40-49
166,"Jocelyn Alexander",47,2,103,3,3,154,34.33,0,103,New,40-49
167,"Ashley Martinez",48,2,88,5,5,147,17.60,1,88.00,New,40-49
168,"Jasmine Barnes",48,2,3126,4,4,148,781.50,10,312.60,New,40-49
169,"David Rodriguez",52,2,3136,7,7,148,448.00,10,313.60,New,50-59
170,"Bryce Richardson",52,2,81,5,5,150,16.20,3,27.00,New,50-59
171,"Carol Howard",52,2,157,7,7,147,22.43,4,39.25,New,50-59
172,"Jonathan Hill",47,3,6716,8,8,148,839.50,26,258.31,VIP,40-49
173,"Gabrielle Adams",52,2,129,7,6,146,18.43,8,16.13,New,50-59
174,"Sarah Thomas",53,2,103,3,3,147,34.33,9,11.44,New,50-59
175,"Nicholas Robinson",53,2,48,5,4,152,9.60,0,48,New,50-59
176,"Luis Wang",57,3,6710,8,8,149,838.75,26,258.08,VIP,50-59
177,"Mason Roberts",47,28,1317,60,27,146,21.95,11,119.73,New,40-49
178,"Jose Flores",78,2,135,6,6,149,22.50,6,22.50,New,"60 and above"
179,"Nathan Johnson",71,2,145,6,6,154,24.17,3,48.33,New,"60 and above"
180,"Molly Rodriguez",66,2,125,6,6,146,20.83,9,13.89,New,"60 and above"
181,"April Anand",77,2,138,6,6,150,23.00,6,23.00,New,"60 and above"
182,"Devin Martin",66,2,41,3,3,152,13.67,2,20.50,New,"60 and above"
183,"Stephanie Torres",76,2,81,5,5,147,16.20,4,20.25,New,"60 and above"
184,"Jasmine Lee",76,2,46,4,4,153,11.50,1,46.00,New,"60 and above"
185,"Meghan Hernandez",70,2,68,5,5,149,13.60,1,68.00,New,"60 and above"
186,"Ashley Henderson",75,27,1616,68,29,146,23.76,11,146.91,New,"60 and above"
187,"Sarah Price",76,2,41,3,3,146,13.67,2,20.50,New,"60 and above"
188,"Jennifer Cooper",76,2,108,4,4,151,27.00,4,27.00,New,"60 and above"
189,"Catherine Morris",76,2,81,5,5,146,16.20,2,40.50,New,"60 and above"
190,"Lawrence Blanco",76,2,5944,6,6,158,990.67,17,349.65,VIP,"60 and above"
191,"Carson Bryant",76,2,46,4,4,146,11.50,4,11.50,New,"60 and above"
192,"Kristi Perez",74,3,6743,7,7,148,963.29,26,259.35,VIP,"60 and above"
193,"James Brown",75,2,114,5,5,150,22.80,3,38.00,New,"60 and above"
194,"Ian Gray",75,2,41,3,3,151,13.67,5,8.20,New,"60 and above"
195,"Jacqueline Price",75,2,105,6,6,147,17.50,8,13.13,New,"60 and above"
196,"Megan Henderson",74,2,105,6,6,149,17.50,6,17.50,New,"60 and above"
197,"Alfredo Romero",74,2,162,4,4,150,40.50,6,27.00,New,"60 and above"
198,"Andrea Morris",74,2,207,6,5,152,34.50,2,103.50,New,"60 and above"
199,"Brooke Sanders",73,2,98,4,4,157,24.50,0,98,New,"60 and above"
200,"Jacqueline Bennett",68,2,132,6,6,149,22.00,6,22.00,New,"60 and above"
201,"Jason Griffin",72,27,1461,55,26,146,26.56,11,132.82,New,"60 and above"
202,"Amanda Foster",73,2,181,6,6,150,30.17,2,90.50,New,"60 and above"
203,"Alexia Price",67,2,74,3,3,150,24.67,0,74,New,"60 and above"
204,"Luis Diaz",66,17,800,32,19,147,25.00,9,88.89,New,"60 and above"
205,"Destiny Rivera",72,2,77,4,4,148,19.25,3,25.67,New,"60 and above"
206,"Abby Fernandez",72,2,37,2,2,149,18.50,2,18.50,New,"60 and above"
207,"Blake Flores",72,2,77,4,4,154,19.25,0,77,New,"60 and above"
208,"Danielle Cox",72,2,77,4,4,149,19.25,8,9.63,New,"60 and above"
209,"Maria Reed",72,2,134,7,7,150,19.14,6,22.33,New,"60 and above"
210,"Allison Evans",72,2,37,2,2,146,18.50,9,4.11,New,"60 and above"
211,"Edward Wood",72,2,70,5,5,150,14.00,4,17.50,New,"60 and above"
212,"Samantha Russell",65,17,792,33,22,146,24.00,11,72.00,New,"60 and above"
213,"Chloe Campbell",70,17,824,33,20,146,24.97,11,74.91,New,"60 and above"
214,"Stephanie Murphy",71,2,77,4,4,150,19.25,5,15.40,New,"60 and above"
215,"Charles Miller",70,2,162,4,4,148,40.50,3,54.00,New,"60 and above"
216,"Ana Perry",64,17,1154,32,21,147,36.06,10,115.40,New,"60 and above"
217,"Jasmine Torres",70,2,5948,5,5,158,1189.60,17,349.88,VIP,"60 and above"
218,"Natalie Adams",70,2,5953,3,3,157,1984.33,18,330.72,VIP,"60 and above"
219,"Olivia Brown",64,2,39,3,2,147,13.00,10,3.90,New,"60 and above"
220,"Charles Cook",69,2,39,3,2,146,13.00,2,19.50,New,"60 and above"
221,"Erica Huang",65,2,50,4,4,147,12.50,8,6.25,New,"60 and above"
222,"Nathan Perry",70,2,46,4,4,149,11.50,6,7.67,New,"60 and above"
223,"Alexandra Rivera",70,2,208,6,6,148,34.67,0,208,New,"60 and above"
224,"Hailey Patterson",69,27,1293,65,26,146,19.89,11,117.55,New,"60 and above"
225,"Tiffany Li",69,3,6685,5,5,148,1337.00,27,247.59,VIP,"60 and above"
226,"Madison Lee",64,2,73,5,5,150,14.60,2,36.50,New,"60 and above"
227,"Sydney Ross",63,2,37,2,2,156,18.50,1,37.00,New,"60 and above"
228,"Marshall Chavez",63,2,5910,5,5,157,1182.00,18,328.33,VIP,"60 and above"
229,"Ashley Jones",69,2,77,4,4,146,19.25,2,38.50,New,"60 and above"
230,"Adrian Stewart",68,2,81,5,5,146,16.20,5,16.20,New,"60 and above"
231,"Amber Turner",69,2,54,5,5,147,10.80,4,13.50,New,"60 and above"
232,"Dennis Zhang",62,2,64,4,4,148,16.00,9,7.11,New,"60 and above"
233,"Hailey Bryant",68,2,39,3,2,148,13.00,1,39.00,New,"60 and above"
234,"Todd Li",62,2,179,7,7,153,25.57,4,44.75,New,"60 and above"
235,"Anna Griffin",67,2,76,4,4,150,19.00,7,10.86,New,"60 and above"
236,"Angel Stewart",68,2,138,6,5,147,23.00,6,23.00,New,"60 and above"
237,"Jeremy Butler",68,2,114,5,5,146,22.80,3,38.00,New,"60 and above"
238,"Clarence Anand",62,4,10566,6,6,148,1761.00,26,406.38,VIP,"60 and above"
239,"Mayra Prasad",62,4,7543,9,9,155,838.11,27,279.37,VIP,"60 and above"
240,"Latoya Goel",56,4,7511,11,11,154,682.82,28,268.25,VIP,50-59
241,"Anne Hernandez",61,4,7586,13,10,154,583.54,26,291.77,VIP,"60 and above"
242,"Lisa Cai",51,7,11468,25,20,149,458.72,13,882.15,VIP,50-59
243,"Larry Munoz",62,7,11067,12,12,148,922.25,14,790.50,VIP,"60 and above"
244,"Robin Alvarez",62,4,7164,12,10,153,597.00,27,265.33,VIP,"60 and above"
245,"Alexis Coleman",57,4,7175,12,11,152,597.92,29,247.41,VIP,50-59
246,"Ricky Vazquez",63,4,10580,9,9,147,1175.56,26,406.92,VIP,"60 and above"
247,"Latasha Rubio",63,4,10575,7,7,147,1510.71,26,406.73,VIP,"60 and above"
248,"Claudia Zhou",64,4,7131,12,11,151,594.25,29,245.90,VIP,"60 and above"
249,"Tristan Alexander",60,1,38,3,3,152,12.67,0,38,New,"60 and above"
250,"Cindy Patel",59,4,9890,11,11,150,899.09,23,430.00,VIP,50-59
251,"Shannon Liu",60,4,7115,11,10,151,646.82,28,254.11,VIP,"60 and above"
252,"Xavier Long",88,1,2319,4,4,149,579.75,0,2319,New,"60 and above"
253,"Nicholas Thompson",88,3,6685,7,7,147,955.00,28,238.75,VIP,"60 and above"
254,"Josâ”œÂ® Hernandez",76,16,695,30,16,148,23.17,9,77.22,New,"60 and above"
255,"Johnathan Vance",87,2,204,9,9,147,22.67,0,204,New,"60 and above"
256,"Colin Lin",87,2,114,5,5,156,22.80,1,114.00,New,"60 and above"
257,"Katelyn Hernandez",87,2,81,5,5,149,16.20,6,13.50,New,"60 and above"
259,"Xavier Hill",87,2,49,4,4,152,12.25,1,49.00,New,"60 and above"
260,"Victoria Stewart",55,3,6770,5,5,147,1354.00,27,250.74,VIP,50-59
261,"Katelyn Kelly",49,2,81,5,5,153,16.20,4,20.25,New,40-49
262,"Stephanie Collins",55,3,6650,4,4,147,1662.50,26,255.77,VIP,50-59
263,"Jennifer Simmons",50,27,1124,63,26,146,17.84,10,112.40,New,50-59
264,"Trinity Richardson",56,3,6753,9,9,147,750.33,27,250.11,VIP,50-59
265,"Eduardo Martin",56,2,3182,8,8,148,397.75,10,318.20,New,50-59
266,"Elizabeth Jones",56,1,2352,3,3,159,784.00,0,2352,New,50-59
267,"Taylor Howard",56,2,5922,5,5,158,1184.40,16,370.13,VIP,50-59
268,"David Diaz",50,2,5943,5,5,158,1188.60,15,396.20,VIP,50-59
269,"Katelyn Carter",56,2,98,5,5,148,19.60,5,19.60,New,50-59
270,"Ryan Foster",50,2,42,3,3,150,14.00,0,42,New,50-59
271,"Robert Lee",50,2,5984,5,5,158,1196.80,15,398.93,VIP,50-59
272,"Danielle Reed",56,2,5973,5,5,158,1194.60,15,398.20,VIP,50-59
273,"Lauren Martinez",63,2,5975,4,4,158,1493.75,15,398.33,VIP,"60 and above"
274,"Nathan Lal",64,2,273,8,8,154,34.13,0,273,New,"60 and above"
275,"Kyle Foster",86,2,5888,4,4,157,1472.00,17,346.35,VIP,"60 and above"
276,"Jenny Rai",86,2,5955,4,4,158,1488.75,16,372.19,VIP,"60 and above"
277,"Nancy Chapman",51,27,987,57,22,146,17.32,11,89.73,New,50-59
278,"Charles Jackson",57,27,1434,65,26,146,22.06,11,130.36,New,50-59
279,"Jonathan Phillips",57,2,5908,3,3,159,1969.33,15,393.87,VIP,50-59
280,"Amanda Cook",51,2,44,4,3,153,11.00,3,14.67,New,50-59
281,"Robert Collins",57,2,77,4,4,151,19.25,1,77.00,New,50-59
282,"Megan Barnes",51,2,5921,5,5,158,1184.20,15,394.73,VIP,50-59
283,"Christian Thomas",58,2,5999,6,6,159,999.83,16,374.94,VIP,50-59
284,"Arturo Lal",57,2,44,4,3,151,11.00,2,22.00,New,50-59
285,"Theresa Serrano",58,2,55,5,3,155,11.00,2,27.50,New,50-59
286,"Jeremy Anderson",53,2,128,5,5,149,25.60,2,64.00,New,50-59
287,"Hunter Griffin",58,2,5954,5,5,158,1190.80,15,396.93,VIP,50-59
288,"Henry Garcia",59,27,1165,62,23,146,18.79,11,105.91,New,50-59
289,"Cindy Sanchez",48,2,77,4,4,151,19.25,5,15.40,New,40-49
290,"Maria Carter",54,2,5905,5,5,158,1181.00,16,369.06,VIP,50-59
291,"Katelyn Sanchez",53,2,5933,3,3,158,1977.67,16,370.81,VIP,50-59
292,"Jenna Wright",53,2,5873,2,2,158,2936.50,16,367.06,VIP,50-59
293,"Seth Phillips",58,2,5910,5,5,159,1182.00,15,394.00,VIP,50-59
294,"Luke Long",65,2,85,5,5,156,17.00,0,85,New,"60 and above"
295,"Dalton Clark",65,2,42,3,3,147,14.00,3,14.00,New,"60 and above"
296,"Taylor Lewis",66,2,6058,5,5,158,1211.60,15,403.87,VIP,"60 and above"
297,"Haley Richardson",85,2,5897,4,4,158,1474.25,16,368.56,VIP,"60 and above"
298,"Noah Coleman",85,2,5948,5,5,157,1189.60,16,371.75,VIP,"60 and above"
299,"Jon Luo",85,2,5922,5,5,157,1184.40,17,348.35,VIP,"60 and above"
300,"Orlando Vazquez",84,2,6015,4,4,157,1503.75,16,375.94,VIP,"60 and above"
301,"Fernando Barnes",60,27,1499,67,28,147,22.37,11,136.27,New,"60 and above"
302,"Cameron Rodriguez",60,2,131,5,5,149,26.20,4,32.75,New,"60 and above"
303,"Spencer Russell",54,2,5938,5,5,158,1187.60,16,371.13,VIP,50-59
304,"Julia Coleman",59,2,5875,3,3,157,1958.33,17,345.59,VIP,50-59
305,"Julia Garcia",55,2,122,5,5,155,24.40,1,122.00,New,50-59
306,"Sean Evans",60,2,77,4,4,152,19.25,4,19.25,New,"60 and above"
307,"Micah Zhou",60,2,42,3,3,150,14.00,2,21.00,New,"60 and above"
308,"Hunter Rodriguez",60,2,5964,5,5,157,1192.80,17,350.82,VIP,"60 and above"
309,"Ian Gonzales",66,2,94,4,4,146,23.50,4,23.50,New,"60 and above"
310,"Victoria Lewis",66,2,42,3,3,147,14.00,5,8.40,New,"60 and above"
311,"Erin Sanders",61,2,77,4,4,147,19.25,4,19.25,New,"60 and above"
312,"Gabrielle Lopez",67,2,77,4,4,150,19.25,4,19.25,New,"60 and above"
313,"Sara Richardson",67,2,42,3,3,154,14.00,0,42,New,"60 and above"
314,"Trevor Jenkins",67,2,44,4,3,148,11.00,6,7.33,New,"60 and above"
315,"Mya Flores",55,2,47,4,3,148,11.75,9,5.22,New,50-59
316,"Hailey Ward",67,2,42,3,3,147,14.00,6,7.00,New,"60 and above"
317,"Luke Allen",66,1,2350,2,2,158,1175.00,0,2350,New,"60 and above"
318,"Victoria Russell",62,2,5873,2,2,157,2936.50,17,345.47,VIP,"60 and above"
319,"Jessica Wilson",67,2,44,4,3,148,11.00,0,44,New,"60 and above"
320,"Jade Bailey",77,2,5930,4,4,157,1482.50,17,348.82,VIP,"60 and above"
321,"Morgan Hill",83,2,72,5,5,151,14.40,2,36.00,New,"60 and above"
322,"Terrance Raman",82,2,37,2,2,154,18.50,3,12.33,New,"60 and above"
323,"Sydney Garcia",82,2,44,4,3,154,11.00,1,44.00,New,"60 and above"
324,"Jose Patterson",82,2,6074,6,6,158,1012.33,16,379.63,VIP,"60 and above"
325,"Zachary Anderson",81,2,5945,4,4,158,1486.25,16,371.56,VIP,"60 and above"
326,"Elijah Ross",81,2,6044,7,7,158,863.43,16,377.75,VIP,"60 and above"
327,"Rafael Xie",81,2,5948,5,5,157,1189.60,17,349.88,VIP,"60 and above"
328,"Jaime Moreno",80,2,5915,5,5,158,1183.00,16,369.69,VIP,"60 and above"
329,"Julian Griffin",80,2,4718,4,4,155,1179.50,3,1572.67,New,"60 and above"
330,"Andy Alvarez",80,2,5898,2,2,157,2949.00,16,368.63,VIP,"60 and above"
331,"Ryan Thompson",80,27,1134,57,24,146,19.89,11,103.09,New,"60 and above"
332,"Samantha Jenkins",52,27,1327,58,24,146,22.88,11,120.64,New,50-59
333,"Deanna Ramos",58,2,5755,3,3,158,1918.33,14,411.07,VIP,50-59
334,"Emily Miller",58,3,8163,6,6,152,1360.50,27,302.33,VIP,50-59
335,"Nicole Brown",59,3,8154,6,6,152,1359.00,28,291.21,VIP,50-59
336,"Carla Raman",48,2,5744,4,4,159,1436.00,14,410.29,VIP,40-49
337,"Shaun Raji",53,2,4441,5,5,159,888.20,3,1480.33,New,50-59
338,"Jerome Romero",59,3,8162,8,7,152,1020.25,28,291.50,VIP,50-59
339,"Frank Navarro",53,2,5745,5,5,159,1149.00,14,410.36,VIP,50-59
340,"Dennis She",59,2,4379,3,3,158,1459.67,3,1459.67,New,50-59
341,"Melody Munoz",79,2,4413,5,5,159,882.60,2,2206.50,New,"60 and above"
342,"Randy Zeng",84,3,8192,8,8,152,1024.00,27,303.41,VIP,"60 and above"
343,"Marshall Wang",53,1,49,3,3,152,16.33,0,49,New,50-59
344,"Arthur Carlson",51,3,8222,9,9,152,913.56,27,304.52,VIP,50-59
345,"Jessie Jimenez",63,3,8119,7,7,152,1159.86,26,312.27,VIP,"60 and above"
346,"Robin Ramos",63,2,4404,3,3,159,1468.00,2,2202.00,New,"60 and above"
347,"Deanna Gutierrez",59,2,4503,7,7,157,643.29,4,1125.75,New,50-59
348,"Roy Navarro",53,1,14,2,2,156,7.00,0,14,New,50-59
349,"Shawn Rai",65,1,68,3,3,156,22.67,0,68,New,"60 and above"
350,"Mindy Luo",60,1,68,3,3,146,22.67,0,68,New,"60 and above"
351,"Cara Zhou",83,1,38,3,3,158,12.67,0,38,New,"60 and above"
352,"Anne Ramos",76,3,8068,5,5,151,1613.60,26,310.31,VIP,"60 and above"
353,"Raymond Rodriguez",80,1,14,2,2,155,7.00,0,14,New,"60 and above"
354,"Carrie Ortega",79,3,8078,6,6,151,1346.33,25,323.12,VIP,"60 and above"
355,"Deanna Suarez",78,1,23,3,3,148,7.67,0,23,New,"60 and above"
356,"Roberto Gutierrez",77,1,14,2,2,150,7.00,0,14,New,"60 and above"
357,"Terrence Carson",40,3,5069,8,8,149,633.63,29,174.79,VIP,40-49
358,"Ramon Ye",41,3,4943,5,5,149,988.60,28,176.54,Regular,40-49
359,"Cynthia Malhotra",41,3,5034,8,8,148,629.25,28,179.79,VIP,40-49
360,"Jarrod Prasad",42,3,4959,8,8,148,619.88,29,171.00,Regular,40-49
361,"Tyrone Serrano",42,3,5025,6,6,147,837.50,29,173.28,VIP,40-49
362,"Cindy Ramos",43,2,115,4,4,148,28.75,1,115.00,New,40-49
363,"Damien Shan",42,2,77,3,3,150,25.67,5,15.40,New,40-49
364,"Julian Ross",42,3,5035,5,5,147,1007.00,30,167.83,VIP,40-49
365,"Jennifer Collins",41,3,4921,4,4,147,1230.25,30,164.03,Regular,40-49
366,"Brittney Sun",41,3,5024,7,7,147,717.71,30,167.47,VIP,40-49
367,"Virginia Patel",40,2,77,3,3,151,25.67,1,77.00,New,40-49
368,"Calvin Nara",41,2,86,4,4,148,21.50,4,21.50,New,40-49
369,"Edward Miller",41,3,5105,11,11,148,464.09,29,176.03,VIP,40-49
370,"Ashlee Tang",42,2,119,4,4,147,29.75,5,23.80,New,40-49
371,"Alicia Xu",42,2,80,3,3,150,26.67,2,40.00,New,40-49
372,"Lacey Jai",42,2,75,2,2,147,37.50,1,75.00,New,40-49
373,"Wendy Romero",42,3,4965,5,5,147,993.00,30,165.50,Regular,40-49
374,"Carly Luo",71,1,38,3,3,151,12.67,0,38,New,"60 and above"
375,"Jimmy Ortega",77,1,69,3,3,155,23.00,0,69,New,"60 and above"
376,"Francisco Martinez",77,1,14,2,2,149,7.00,0,14,New,"60 and above"
377,"Lance Vazquez",77,1,78,2,2,149,39.00,0,78,New,"60 and above"
378,"David Robinett",59,1,84,3,3,157,28.00,0,84,New,50-59
379,"Shannon Liang",60,2,4436,4,4,157,1109.00,3,1478.67,New,"60 and above"
380,"Gary Vazquez",49,2,4426,4,4,157,1106.50,4,1106.50,New,40-49
381,"Mitchell Kumar",61,2,5838,6,6,158,973.00,15,389.20,VIP,"60 and above"
382,"Meredith Raman",55,3,8161,5,5,151,1632.20,26,313.88,VIP,50-59
383,"Edward Patterson",51,2,4344,2,2,157,2172.00,3,1448.00,New,50-59
384,"Marie Gill",60,1,49,3,3,147,16.33,0,49,New,"60 and above"
385,"Tiffany Wang",54,1,49,3,3,152,16.33,0,49,New,50-59
386,"Miguel Allen",54,1,14,2,2,152,7.00,0,14,New,50-59
387,"Jaclyn Cai",54,1,69,3,3,149,23.00,0,69,New,50-59
388,"Megan Ramirez",61,3,6959,6,6,156,1159.83,20,347.95,VIP,"60 and above"
389,"Joseph Martin",61,3,6987,7,7,155,998.14,21,332.71,VIP,"60 and above"
390,"Karl Shan",44,1,69,3,3,148,23.00,0,69,New,40-49
391,"Christine Raji",49,1,49,3,3,148,16.33,0,49,New,40-49
392,"Lindsay Xie",49,1,34,2,2,149,17.00,0,34,New,40-49
393,"Willie Zhao",45,1,29,1,1,156,29.00,0,29,New,40-49
394,"Kurt Pal",51,1,14,2,2,152,7.00,0,14,New,50-59
395,"George McDonald",50,3,8162,7,7,152,1166.00,24,340.08,VIP,50-59
396,"Beth Gutierrez",49,2,5730,3,3,157,1910.00,15,382.00,VIP,40-49
397,"Ian Lopez",51,1,29,1,1,149,29.00,0,29,New,50-59
398,"Latoya Shan",51,1,38,3,3,152,12.67,0,38,New,50-59
399,"Colin Nath",51,3,8114,4,4,152,2028.50,24,338.08,VIP,50-59
400,"Brenda Mehta",51,1,14,2,2,155,7.00,0,14,New,50-59
401,"Franklin Raji",45,3,6968,8,7,152,871.00,24,290.33,VIP,40-49
402,"Linda Navarro",51,3,5020,6,6,156,836.67,4,1255.00,"Emerging VIP",50-59
403,"Kelli Cai",50,3,5059,10,9,156,505.90,4,1264.75,"Emerging VIP",50-59
404,"Nancy Schmidt",46,3,5032,9,9,154,559.11,7,718.86,"Emerging VIP",40-49
405,"Megan Taylor",68,1,34,2,2,157,17.00,0,34,New,"60 and above"
406,"Bonnie Goel",68,1,54,1,1,156,54.00,0,54,New,"60 and above"
407,"Latoya Xu",68,2,4415,6,6,157,735.83,3,1471.67,New,"60 and above"
408,"Mario She",68,1,54,1,1,153,54.00,0,54,New,"60 and above"
409,"Darren Gill",61,1,34,3,3,157,11.33,0,34,New,"60 and above"
410,"Jacqueline Hayes",47,2,4444,5,5,158,888.80,2,2222.00,New,40-49
412,"Devin Ross",66,1,38,3,3,152,12.67,0,38,New,"60 and above"
413,"Sydney Bryant",66,4,9880,11,10,149,898.18,23,429.57,VIP,"60 and above"
414,"Megan Stewart",66,4,7190,11,10,151,653.64,24,299.58,VIP,"60 and above"
415,"Ian Richardson",66,4,7191,10,10,150,719.10,25,287.64,VIP,"60 and above"
416,"Randy She",76,1,14,2,2,151,7.00,0,14,New,"60 and above"
417,"Katrina Becker",75,3,4928,5,4,155,985.60,5,985.60,New,"60 and above"
418,"Lacey Zheng",75,7,11248,17,14,147,661.65,13,865.23,VIP,"60 and above"
419,"Rafael Hu",75,1,40,2,2,147,20.00,0,40,New,"60 and above"
420,"Kyle Scott",75,2,231,6,6,153,38.50,3,77.00,New,"60 and above"
421,"Jordan Turner",74,7,11200,17,16,148,658.82,12,933.33,VIP,"60 and above"
422,"Amy Sun",74,4,9780,4,4,149,2445.00,23,425.22,VIP,"60 and above"
423,"Dustin Deng",74,4,7075,10,10,149,707.50,26,272.12,VIP,"60 and above"
424,"Jasmine Stewart",65,4,9905,10,10,149,990.50,22,450.23,VIP,"60 and above"
425,"Pamela Garcia",61,1,44,2,2,155,22.00,0,44,New,"60 and above"
426,"Ariana Gray",60,6,10528,15,15,147,701.87,12,877.33,VIP,"60 and above"
427,"Kristopher Mehta",67,1,35,1,1,155,35.00,0,35,New,"60 and above"
428,"Desiree Dominguez",66,4,9918,9,8,149,1102.00,22,450.82,VIP,"60 and above"
429,"Deanna Perez",67,4,9954,12,12,149,829.50,22,452.45,VIP,"60 and above"
430,"Marco Lopez",68,6,10468,17,14,147,615.76,12,872.33,VIP,"60 and above"
431,"Casey Yuan",68,1,85,2,2,156,42.50,0,85,New,"60 and above"
432,"Bryant Garcia",51,4,9913,11,8,150,901.18,21,472.05,VIP,50-59
433,"Dominique Prasad",69,6,9330,16,15,147,583.13,12,777.50,VIP,"60 and above"
434,"Maurice Shan",69,6,12914,13,12,150,993.38,9,1434.89,"Emerging VIP","60 and above"
435,"Andre Lopez",63,2,70,4,4,152,17.50,1,70.00,New,"60 and above"
436,"Robin Romero",70,1,35,1,1,147,35.00,0,35,New,"60 and above"
437,"Taylor Cox",70,2,81,4,4,153,20.25,0,81,New,"60 and above"
438,"Alfredo Moreno",70,1,54,1,1,147,54.00,0,54,New,"60 and above"
439,"Jenny Nara",70,1,35,1,1,158,35.00,0,35,New,"60 and above"
440,"Janet Munoz",72,6,12488,14,12,149,892.00,10,1248.80,"Emerging VIP","60 and above"
441,"Sergio Weber",73,1,78,2,2,156,39.00,0,78,New,"60 and above"
442,"Erika Gomez",73,1,44,2,2,146,22.00,0,44,New,"60 and above"
443,"Joseph Harris",72,1,35,1,1,150,35.00,0,35,New,"60 and above"
444,"Grace Griffin",44,3,8235,8,8,150,1029.38,27,305.00,VIP,40-49
445,"Tina Mehta",44,3,8136,5,5,154,1627.20,24,339.00,VIP,40-49
446,"Kari Kim",46,3,8098,5,5,153,1619.60,24,337.42,VIP,40-49
447,"Bethany Chander",46,3,8237,7,6,153,1176.71,24,343.21,VIP,40-49
448,"Jennifer Roberts",46,3,8078,6,6,154,1346.33,23,351.22,VIP,40-49
449,"Kyle Patterson",45,3,8132,7,7,153,1161.71,24,338.83,VIP,40-49
450,"Alvin Hu",45,3,8130,7,7,153,1161.43,24,338.75,VIP,40-49
451,"Brett Mehta",44,3,8173,9,9,153,908.11,23,355.35,VIP,40-49
452,"Ruben Muâ”œâ–’oz",45,3,8250,9,9,154,916.67,22,375.00,VIP,40-49
453,"Erika Rubio",46,3,8183,5,5,153,1636.60,23,355.78,VIP,40-49
454,"Stanley Malhotra",41,3,8177,6,6,153,1362.83,23,355.52,VIP,40-49
455,"Melinda Navarro",46,3,8089,4,4,153,2022.25,22,367.68,VIP,40-49
456,"Ross Sanz",46,3,8142,5,5,154,1628.40,22,370.09,VIP,40-49
457,"Jon Gao",46,3,8224,11,10,154,747.64,22,373.82,VIP,40-49
458,"Jaime Gutierrez",47,3,8211,10,9,154,821.10,22,373.23,VIP,40-49
459,"Bianca Liu",47,3,97,7,7,146,13.86,9,10.78,New,40-49
460,"Tasha Deng",47,3,8141,5,5,153,1628.20,22,370.05,VIP,40-49
461,"Melvin Chande",42,3,8137,6,6,153,1356.17,22,369.86,VIP,40-49
462,"Victor Jimenez",48,3,8089,4,4,152,2022.25,23,351.70,VIP,40-49
463,"Laura Lin",48,3,8116,5,5,152,1623.20,24,338.17,VIP,40-49
464,"Alisha Beck",48,3,48,4,4,147,12.00,9,5.33,New,40-49
465,"Alejandro Huang",48,3,8128,7,7,153,1161.14,23,353.39,VIP,40-49
466,"Louis Luo",49,3,8158,4,4,152,2039.50,23,354.70,VIP,40-49
467,"Grant Tang",49,3,90,7,7,151,12.86,2,45.00,New,40-49
468,"Arturo Zheng",50,3,56,5,4,147,11.20,5,11.20,New,50-59
469,"Jaclyn Andersen",45,3,6960,4,4,151,1740.00,24,290.00,VIP,40-49
470,"Edwin Raji",47,1,25,2,2,151,12.50,0,25,New,40-49
471,"Jay Suarez",47,2,4344,2,1,157,2172.00,12,362.00,Regular,40-49
472,"Latasha Suarez",47,1,54,1,1,154,54.00,0,54,New,40-49
473,"Kenneth Kumar",57,3,8165,6,6,149,1360.83,27,302.41,VIP,50-59
474,"Grace Henderson",40,1,63,2,2,154,31.50,0,63,New,40-49
475,"Melvin Xu",40,1,49,3,3,150,16.33,0,49,New,40-49
476,"Cesar Subram",41,1,69,4,4,155,17.25,0,69,New,40-49
477,"Erika Navarro",45,1,54,1,1,149,54.00,0,54,New,40-49
478,"Tristan Hughes",41,1,35,1,1,150,35.00,0,35,New,40-49
479,"Billy Hernandez",42,1,54,1,1,155,54.00,0,54,New,40-49
480,"Darryl Wu",47,3,4970,9,9,154,552.22,5,994.00,New,40-49
481,"Colleen Ma",42,3,4935,7,6,152,705.00,7,705.00,New,40-49
482,"Erica Hu",47,3,4978,6,6,155,829.67,14,355.57,Regular,40-49
483,"Adrienne Torres",48,3,8143,5,5,150,1628.60,24,339.29,VIP,40-49
484,"Calvin Chande",42,3,4966,4,3,152,1241.50,6,827.67,New,40-49
485,"Erick Sai",43,3,4985,6,6,156,830.83,14,356.07,Regular,40-49
486,"Donald Chandra",48,3,7049,7,7,150,1007.00,23,306.48,VIP,40-49
487,"Ariana Rogers",43,1,35,1,1,148,35.00,0,35,New,40-49
488,"Morgan Jones",49,1,54,1,1,147,54.00,0,54,New,40-49
489,"Jermaine Lopez",49,3,8090,5,5,151,1618.00,22,367.73,VIP,40-49
490,"Deborah Goel",49,3,8127,7,7,150,1161.00,23,353.35,VIP,40-49
491,"Danny Rubio",49,1,54,1,1,156,54.00,0,54,New,40-49
492,"Andre Perez",44,3,8158,7,7,150,1165.43,22,370.82,VIP,40-49
493,"Terrence Chander",43,2,4404,3,3,157,1468.00,12,367.00,Regular,40-49
494,"Dawn Wu",49,3,6959,6,6,150,1159.83,21,331.38,VIP,40-49
495,"Jimmy Gutierrez",50,3,6974,5,5,150,1394.80,21,332.10,VIP,50-59
496,"Francis Jimenez",49,1,14,2,2,149,7.00,0,14,New,40-49
497,"Gary Ortega",49,3,7014,7,7,149,1002.00,23,304.96,VIP,40-49
498,"Katrina Nath",44,1,35,1,1,149,35.00,0,35,New,40-49
499,"Arturo Sun",46,16,560,30,18,146,18.67,10,56.00,New,40-49
500,"Pedro Vance",45,2,192,6,6,153,32.00,2,96.00,New,40-49
501,"Sarah Simmons",46,16,653,30,23,146,21.77,11,59.36,New,40-49
502,"Brandy Chandra",45,16,871,33,23,146,26.39,9,96.78,New,40-49
503,"Jared Peterson",45,16,1020,42,25,146,24.29,11,92.73,New,40-49
504,"Dennis Wu",89,2,61,3,3,147,20.33,6,10.17,New,"60 and above"
505,"Jordan Baker",89,2,44,4,3,155,11.00,0,44,New,"60 and above"
506,"Jasmine Powell",54,16,845,36,22,147,23.47,10,84.50,New,50-59
507,"Nicholas Brown",54,16,748,36,24,146,20.78,10,74.80,New,50-59
508,"Isabella Russell",53,16,651,31,20,146,21.00,11,59.18,New,50-59
509,"Elizabeth Wilson",54,2,77,4,4,154,19.25,0,77,New,50-59
510,"Roger Harui",61,1,196,3,3,152,65.33,0,196,New,"60 and above"
511,"Seth Roberts",67,5,257,16,14,147,16.06,9,28.56,New,"60 and above"
512,"Caleb Perry",61,1,35,1,1,156,35.00,0,35,New,"60 and above"
513,"Natalie Campbell",49,1,2320,1,1,147,2320.00,0,2320,New,40-49
514,"Alyssa Howard",60,1,863,5,5,153,172.60,0,863,New,"60 and above"
515,"Dalton Diaz",60,1,40,2,2,153,20.00,0,40,New,"60 and above"
516,"Shannon Huang",66,2,5930,4,4,155,1482.50,19,312.11,VIP,"60 and above"
517,"Mya Gonzales",49,2,5915,5,5,153,1183.00,21,281.67,VIP,40-49
518,"Katherine Bryant",66,2,101,5,5,151,20.20,1,101.00,New,"60 and above"
519,"Edward Washington",65,2,82,6,6,148,13.67,0,82,New,"60 and above"
520,"Jerome Navarro",65,16,756,36,20,146,21.00,9,84.00,New,"60 and above"
521,"Jada Morgan",65,16,822,32,24,146,25.69,10,82.20,New,"60 and above"
522,"Ariana Peterson",48,2,44,4,3,148,11.00,8,5.50,New,40-49
523,"Christian Hughes",53,2,5888,4,4,158,1472.00,16,368.00,VIP,50-59
524,"Lucas Taylor",64,1,2377,3,3,157,792.33,0,2377,New,"60 and above"
525,"Alyssa Jackson",64,2,42,3,3,149,14.00,1,42.00,New,"60 and above"
526,"Ariana Cook",64,2,5935,4,4,157,1483.75,17,349.12,VIP,"60 and above"
527,"Katherine Diaz",53,1,2377,3,3,158,792.33,0,2377,New,50-59
528,"Jenna Green",64,2,39,3,2,149,13.00,8,4.88,New,"60 and above"
529,"Joan Washington",57,2,5959,6,6,157,993.17,17,350.53,VIP,50-59
530,"Austin Bryant",62,2,5944,6,6,158,990.67,16,371.50,VIP,"60 and above"
531,"Andrew Martinez",63,16,572,26,18,147,22.00,11,52.00,New,"60 and above"
532,"Nina Yuan",63,2,5875,3,3,157,1958.33,17,345.59,VIP,"60 and above"
533,"Lauren Miller",63,2,44,4,3,147,11.00,8,5.50,New,"60 and above"
534,"Ebony Gill",57,2,37,2,2,146,18.50,7,5.29,New,50-59
535,"Cameron Lewis",61,2,5919,4,4,157,1479.75,16,369.94,VIP,"60 and above"
536,"Devin Nelson",62,2,5919,6,6,156,986.50,18,328.83,VIP,"60 and above"
537,"Logan Chow",56,2,5915,5,5,156,1183.00,17,347.94,VIP,50-59
538,"Dakota Ross",62,2,5873,2,2,156,2936.50,18,326.28,VIP,"60 and above"
539,"Nicole Taylor",61,2,5895,3,3,157,1965.00,17,346.76,VIP,"60 and above"
540,"Justin Washington",55,2,5997,6,6,156,999.50,18,333.17,VIP,50-59
541,"Alberto Navarro",56,2,5958,5,5,156,1191.60,18,331.00,VIP,50-59
542,"Aidan Ross",61,2,5973,5,5,155,1194.60,19,314.37,VIP,"60 and above"
543,"Alejandro Tang",46,1,34,3,3,154,11.33,0,34,New,40-49
544,"Sheena Chande",52,1,54,1,1,147,54.00,0,54,New,50-59
545,"Joel Garcia",46,1,89,2,2,151,44.50,0,89,New,40-49
546,"Reginald Dominguez",52,1,54,1,1,152,54.00,0,54,New,50-59
547,"Christine Chande",52,2,4460,5,4,156,892.00,3,1486.67,New,50-59
548,"Cindy Sai",47,3,4976,5,4,152,995.20,7,710.86,New,40-49
549,"Raymond Sanchez",51,3,7068,9,8,148,785.33,23,307.30,VIP,50-59
550,"Crystal Liang",46,3,7024,9,8,147,780.44,23,305.39,VIP,40-49
551,"Deb Torres",46,3,5241,5,5,156,1048.20,13,403.15,VIP,40-49
553,"Eddie Rubio",53,1,35,1,1,146,35.00,0,35,New,50-59
554,"Sharon Luo",53,1,21,1,1,151,21.00,0,21,New,50-59
555,"Sydney Simmons",94,1,35,1,1,154,35.00,0,35,New,"60 and above"
556,"Alexandria Henderson",88,1,35,1,1,154,35.00,0,35,New,"60 and above"
557,"Lucas Evans",53,1,21,1,1,147,21.00,0,21,New,50-59
558,"Felicia Ramos",53,1,21,1,1,151,21.00,0,21,New,50-59
559,"Ivan Malhotra",53,1,21,1,1,148,21.00,0,21,New,50-59
560,"Frederick Subram",47,1,35,1,1,148,35.00,0,35,New,40-49
561,"Whitney Srini",47,1,54,1,1,148,54.00,0,54,New,40-49
562,"Briana Dominguez",54,2,4344,2,2,156,2172.00,12,362.00,Regular,50-59
564,"Cesar Srini",54,1,54,1,1,153,54.00,0,54,New,50-59
565,"Jorge Liang",54,2,4369,2,2,156,2184.50,13,336.08,Regular,50-59
566,"Erik Diaz",54,1,35,1,1,150,35.00,0,35,New,50-59
567,"April Shan",53,25,1002,58,15,146,17.28,11,91.09,New,50-59
568,"Carla Perez",47,1,54,1,1,156,54.00,0,54,New,40-49
569,"Alexia Foster",53,3,6789,5,5,150,1357.80,20,339.45,VIP,50-59
570,"Troy Malhotra",48,1,35,1,1,148,35.00,0,35,New,40-49
571,"Kristin Andersen",54,2,4391,2,2,156,2195.50,11,399.18,New,50-59
572,"Joel Sai",54,2,4390,4,4,156,1097.50,3,1463.33,New,50-59
573,"Billy Moreno",49,2,4450,6,6,156,741.67,2,2225.00,New,40-49
574,"Meagan Subram",49,1,35,1,1,152,35.00,0,35,New,40-49
575,"Karla Luo",55,1,35,1,1,156,35.00,0,35,New,50-59
576,"Jackson Campbell",55,3,6806,7,7,150,972.29,19,358.21,VIP,50-59
577,"Micah Zhu",55,2,4486,3,3,156,1495.33,3,1495.33,New,50-59
578,"Janet Serrano",54,2,4344,2,1,156,2172.00,2,2172.00,New,50-59
579,"Trisha Huang",55,2,4406,4,4,156,1101.50,3,1468.67,New,50-59
580,"Clayton Beck",45,1,44,2,2,152,22.00,0,44,New,40-49
581,"Melvin Raje",87,1,35,1,1,155,35.00,0,35,New,"60 and above"
583,"Claudia Ma",51,2,4379,3,3,156,1459.67,3,1459.67,New,50-59
584,"Karla Xu",55,2,4381,4,4,155,1095.25,3,1460.33,New,50-59
585,"Devin Carter",54,1,9,1,1,150,9.00,0,9,New,50-59
586,"Kari Perez",50,1,50,1,1,146,50.00,0,50,New,50-59
587,"Alberto Romero",54,1,9,1,1,149,9.00,0,9,New,50-59
588,"Kevin Bryant",50,2,4540,5,5,155,908.00,4,1135.00,New,50-59
589,"Candace Mehta",56,2,4369,2,2,154,2184.50,5,873.80,New,50-59
590,"Ebony Malhotra",50,1,15,2,2,154,7.50,0,15,New,50-59
591,"Erika Diaz",45,2,4384,4,4,154,1096.00,5,876.80,New,40-49
592,"Stacey Lu",57,2,5895,3,3,154,1965.00,28,210.54,VIP,50-59
593,"Darrell Raji",42,2,5875,3,3,154,1958.33,28,209.82,VIP,40-49
594,"Armando Moreno",43,2,5908,3,3,153,1969.33,28,211.00,VIP,40-49
595,"Corey Goel",40,1,89,2,2,151,44.50,0,89,New,40-49
596,"Sebastian Howard",41,1,35,1,1,147,35.00,0,35,New,40-49
597,"Roger Raje",57,1,50,3,3,150,16.67,0,50,New,50-59
598,"Janelle Chandra",42,1,35,1,1,147,35.00,0,35,New,40-49
599,"Meredith Ruiz",42,2,4548,5,4,156,909.60,12,379.00,Regular,40-49
600,"Melody Diaz",43,2,5957,6,6,153,992.83,28,212.75,VIP,40-49
601,"Linda Rubio",43,1,35,1,1,154,35.00,0,35,New,40-49
602,"Ivan Raman",43,2,5932,6,6,153,988.67,28,211.86,VIP,40-49
603,"Larry Gill",43,1,35,1,1,152,35.00,0,35,New,40-49
604,"Geoffrey Gonzalez",43,3,6767,5,5,149,1353.40,20,338.35,VIP,40-49
605,"Edgar Sanchez",43,3,6786,7,7,149,969.43,21,323.14,VIP,40-49
606,"Heidi Subram",43,2,4344,2,2,157,2172.00,11,394.91,New,40-49
607,"Melody Ramos",40,2,5922,5,5,153,1184.40,29,204.21,VIP,40-49
608,"Clinton Moreno",39,2,5913,4,4,153,1478.25,28,211.18,VIP,30-39
609,"Cesar Madan",44,1,35,1,1,147,35.00,0,35,New,40-49
610,"Eugene Ye",44,3,6872,9,9,148,763.56,21,327.24,VIP,40-49
611,"Blake Collins",45,3,6786,6,6,149,1131.00,21,323.14,VIP,40-49
612,"Ernest Lin",41,2,5873,2,2,153,2936.50,29,202.52,VIP,40-49
613,"Keith Andersen",40,3,6795,6,6,148,1132.50,21,323.57,VIP,40-49
614,"Meredith Prasad",44,2,4381,4,4,155,1095.25,11,398.27,New,40-49
615,"Katrina Sharma",45,2,4438,5,5,156,887.60,10,443.80,New,40-49
616,"Dwayne Navarro",44,3,5205,7,6,155,743.57,13,400.38,VIP,40-49
617,"Casey Nath",45,3,5253,10,10,155,525.30,14,375.21,VIP,40-49
618,"Sean Brooks",61,2,5935,4,4,155,1483.75,18,329.72,VIP,"60 and above"
619,"Brian Ramirez",61,1,2370,4,4,157,592.50,0,2370,New,"60 and above"
620,"Sierra Young",47,16,633,29,18,148,21.83,9,70.33,New,40-49
621,"Megan Rodriguez",47,2,44,4,3,152,11.00,5,8.80,New,40-49
622,"Leah She",47,2,123,6,6,149,20.50,2,61.50,New,40-49
623,"Gabriel Allen",46,2,133,5,5,153,26.60,2,66.50,New,40-49
624,"Angela Perry",47,2,5948,5,5,155,1189.60,19,313.05,VIP,40-49
625,"Ryan Smith",42,2,5898,2,2,155,2949.00,19,310.42,VIP,40-49
626,"Zachary Moore",47,2,5913,4,4,155,1478.25,18,328.50,VIP,40-49
627,"Destiny Rogers",47,2,5959,4,4,155,1489.75,19,313.63,VIP,40-49
628,"Dalton Gray",47,2,50,4,4,148,12.50,2,25.00,New,40-49
629,"Mariah Wood",48,2,5875,3,3,156,1958.33,18,326.39,VIP,40-49
630,"Isaiah Wright",49,2,5930,4,4,155,1482.50,18,329.44,VIP,40-49
631,"Haley Powell",48,2,5933,3,3,155,1977.67,19,312.26,VIP,40-49
632,"Antonio Bennett",49,16,706,33,22,147,21.39,10,70.60,New,40-49
633,"Alexandra Jenkins",43,16,1001,34,23,147,29.44,11,91.00,New,40-49
634,"Thomas Anderson",48,2,77,4,4,146,19.25,2,38.50,New,40-49
635,"Samuel Collins",48,2,39,3,2,155,13.00,1,39.00,New,40-49
636,"Darrell Chande",42,2,42,3,3,150,14.00,7,6.00,New,40-49
637,"Kimberly Cox",47,2,77,4,4,146,19.25,4,19.25,New,40-49
638,"Morgan Hernandez",42,2,39,3,2,157,13.00,0,39,New,40-49
639,"Antonio Powell",48,2,77,4,4,149,19.25,0,77,New,40-49
640,"Angelica Perry",47,2,127,5,5,146,25.40,1,127.00,New,40-49
641,"Chloe Wilson",50,5,408,15,14,147,27.20,9,45.33,New,50-59
642,"James Chen",50,5,302,11,10,151,27.45,6,50.33,New,50-59
643,"Morgan Hughes",49,5,481,15,14,146,32.07,11,43.73,New,40-49
644,"Naomi Munoz",50,2,100,5,5,153,20.00,2,50.00,New,50-59
645,"Charles Torres",50,2,42,3,3,147,14.00,7,6.00,New,50-59
646,"Gabriella Turner",50,2,153,5,5,147,30.60,1,153.00,New,50-59
647,"Anna Foster",46,2,113,3,3,152,37.67,0,113,New,40-49
648,"Randy Wu",51,1,2366,5,5,157,473.20,0,2366,New,50-59
649,"Kevin Scott",45,2,89,2,2,151,44.50,0,89,New,40-49
650,"Ian White",46,2,91,3,3,155,30.33,0,91,New,40-49
651,"Caleb Hayes",51,2,129,4,4,147,32.25,10,12.90,New,50-59
652,"Patricia Garcia",43,5,226,8,7,149,28.25,7,32.29,New,40-49
653,"Samuel Russell",43,5,310,14,11,147,22.14,5,62.00,New,40-49
654,"Sydney Peterson",43,2,179,5,5,149,35.80,5,35.80,New,40-49
655,"Ariana Sanchez",49,2,5955,4,4,155,1488.75,18,330.83,VIP,40-49
656,"Tamara Sharma",44,2,50,4,4,148,12.50,2,25.00,New,40-49
657,"Katelyn Perez",49,2,77,4,4,146,19.25,4,19.25,New,40-49
658,"Megan Cox",49,2,179,5,5,146,35.80,8,22.38,New,40-49
659,"Robert Mitchell",40,2,112,5,5,152,22.40,3,37.33,New,40-49
660,"Miguel Adams",51,5,234,10,9,146,23.40,7,33.43,New,50-59
661,"Miranda Gonzales",46,5,323,15,11,151,21.53,3,107.67,New,40-49
662,"Jeremiah James",45,5,287,11,10,147,26.09,8,35.88,New,40-49
663,"Ethan Kumar",50,2,100,4,4,152,25.00,2,50.00,New,50-59
664,"Seth Williams",50,2,5948,5,5,157,1189.60,15,396.53,VIP,50-59
665,"Alyssa Morgan",50,2,5948,5,5,157,1189.60,15,396.53,VIP,50-59
666,"Janet Dominguez",49,2,5930,4,4,157,1482.50,16,370.63,VIP,40-49
667,"Angel Baker",44,2,5948,5,5,157,1189.60,15,396.53,VIP,40-49
668,"Blake Moore",53,2,91,3,3,147,30.33,5,18.20,New,50-59
669,"Jada Collins",42,2,129,4,4,147,32.25,0,129,New,40-49
670,"Isabella Simmons",47,2,113,6,6,151,18.83,0,113,New,40-49
671,"Jacqueline Perry",52,2,100,4,4,150,25.00,5,20.00,New,50-59
672,"Jessica Brown",54,2,5970,4,4,155,1492.50,17,351.18,VIP,50-59
673,"Chad Jai",54,2,113,3,3,150,37.67,1,113.00,New,50-59
674,"Susan Ye",49,2,192,6,6,157,32.00,1,192.00,New,40-49
675,"Morgan Rogers",54,2,96,4,4,151,24.00,2,48.00,New,50-59
676,"Devin Martinez",49,2,5898,2,2,157,2949.00,15,393.20,VIP,40-49
677,"Alan Hu",54,2,91,3,3,147,30.33,3,30.33,New,50-59
678,"Charles Walker",45,5,297,10,10,148,29.70,7,42.43,New,40-49
679,"Johnny Chavez",51,2,5900,3,3,158,1966.67,15,393.33,VIP,50-59
680,"Dalton Richardson",51,2,146,4,4,148,36.50,1,146.00,New,50-59
681,"Kaylee Nelson",51,2,94,3,3,146,31.33,4,23.50,New,50-59
682,"Abigail Jones",51,2,138,5,5,148,27.60,8,17.25,New,50-59
683,"Kaitlyn Hall",46,2,253,4,4,147,63.25,3,84.33,New,40-49
684,"Greg Taylor",51,2,5897,5,5,157,1179.40,16,368.56,VIP,50-59
685,"Devin Parker",55,2,94,3,3,147,31.33,5,18.80,New,50-59
686,"Jose Griffin",55,2,111,5,5,147,22.20,9,12.33,New,50-59
687,"Luke Edwards",49,2,129,4,4,155,32.25,1,129.00,New,40-49
688,"Cody Torres",49,2,98,3,3,153,32.67,2,49.00,New,40-49
689,"Victoria Morris",49,2,5967,5,5,157,1193.40,16,372.94,VIP,40-49
690,"Ian Diaz",55,2,89,2,2,151,44.50,0,89,New,50-59
691,"Caroline Butler",50,2,5904,4,4,155,1476.00,18,328.00,VIP,50-59
692,"Kaitlyn Wilson",51,2,120,4,4,154,30.00,3,40.00,New,50-59
693,"Caleb Gonzales",56,2,94,3,3,146,31.33,6,15.67,New,50-59
694,"Hailey Diaz",50,1,2295,1,1,158,2295.00,0,2295,New,50-59
695,"Jonathon Ortega",56,2,129,4,4,150,32.25,5,25.80,New,50-59
696,"Logan Campbell",56,2,129,4,4,151,32.25,4,32.25,New,50-59
697,"Mackenzie Campbell",51,2,5873,2,2,155,2936.50,18,326.28,VIP,50-59
698,"Eduardo Lee",50,2,153,5,5,150,30.60,1,153.00,New,50-59
699,"Jackson Wright",50,5,255,7,7,146,36.43,9,28.33,New,50-59
700,"Chase Peterson",57,2,122,5,5,151,24.40,2,61.00,New,50-59
701,"Xavier Richardson",56,2,138,5,5,153,27.60,4,34.50,New,50-59
702,"David Hayes",40,2,129,4,4,155,32.25,0,129,New,40-49
703,"Jenny Zhou",51,2,96,4,4,148,24.00,5,19.20,New,50-59
704,"Kaylee Baker",52,2,100,4,4,148,25.00,9,11.11,New,50-59
705,"Evan Hernandez",52,2,94,3,3,152,31.33,0,94,New,50-59
706,"Brooke Richardson",46,2,5940,5,5,154,1188.00,18,330.00,VIP,40-49
707,"Blake Perez",57,2,89,2,2,150,44.50,6,14.83,New,50-59
708,"Natalie Cook",56,2,6025,5,5,154,1205.00,19,317.11,VIP,50-59
709,"Elizabeth Weisman",51,2,5908,4,4,154,1477.00,19,310.95,VIP,50-59
710,"Hailey Collins",57,5,325,12,9,149,27.08,7,46.43,New,50-59
711,"Zoe Ramirez",58,2,98,3,3,147,32.67,0,98,New,50-59
712,"Daniel Davis",52,27,1104,55,27,146,20.07,11,100.36,New,50-59
713,"Shelby Rogers",57,5,128,8,8,149,16.00,8,16.00,New,50-59
714,"Kyle Zhang",58,2,192,6,6,148,32.00,4,48.00,New,50-59
715,"Alexandria Long",57,2,94,3,3,154,31.33,2,47.00,New,50-59
716,"Chloe Robinson",58,2,144,4,4,147,36.00,0,144,New,50-59
717,"Evan Kelly",58,2,96,4,4,146,24.00,7,13.71,New,50-59
718,"Marcus Jones",53,2,193,5,5,147,38.60,7,27.57,New,50-59
719,"Sarah Jones",53,2,100,4,4,156,25.00,0,100,New,50-59
720,"Blake Green",54,5,286,11,10,150,26.00,4,71.50,New,50-59
721,"Morgan Morris",60,2,118,6,6,152,19.67,2,59.00,New,"60 and above"
722,"Jennifer Alexander",55,2,105,5,5,149,21.00,4,26.25,New,50-59
723,"Julian Hughes",60,2,153,5,5,148,30.60,3,51.00,New,"60 and above"
724,"Luke Coleman",53,5,193,9,8,147,21.44,11,17.55,New,50-59
725,"Jason Carter",53,5,210,13,11,147,16.15,10,21.00,New,50-59
726,"Jose Li",53,2,124,5,5,155,24.80,1,124.00,New,50-59
727,"Micah Liang",53,2,224,7,7,147,32.00,1,224.00,New,50-59
728,"Benjamin Taylor",53,2,5962,4,4,155,1490.50,18,331.22,VIP,50-59
729,"Logan White",60,2,110,4,4,148,27.50,4,27.50,New,"60 and above"
730,"Caleb Campbell",54,2,160,5,5,146,32.00,5,32.00,New,50-59
731,"Emma Torres",60,2,134,5,4,146,26.80,7,19.14,New,"60 and above"
732,"Tanya Gill",60,2,121,5,5,152,24.20,4,30.25,New,"60 and above"
733,"Erick Sanchez",56,2,174,5,5,151,34.80,2,87.00,New,50-59
734,"Kristi Schmidt",55,2,195,4,4,146,48.75,0,195,New,50-59
735,"Omar Chen",55,2,136,4,4,152,34.00,0,136,New,50-59
736,"Sydney Gray",61,2,110,4,4,147,27.50,9,12.22,New,"60 and above"
737,"Sebastian Sanchez",55,2,166,5,5,148,33.20,1,166.00,New,50-59
738,"Megan Martin",56,2,77,4,4,152,19.25,5,15.40,New,50-59
739,"Elijah Alexander",55,5,330,13,12,147,25.38,10,33.00,New,50-59
740,"Aaron King",61,2,4758,6,6,155,793.00,3,1586.00,New,"60 and above"
741,"Jan Hall",61,5,384,14,12,146,27.43,10,38.40,New,"60 and above"
742,"Tamara Chander",61,2,6079,4,4,157,1519.75,16,379.94,VIP,"60 and above"
743,"Edward Lewis",61,2,5915,5,5,154,1183.00,19,311.32,VIP,"60 and above"
744,"Chase Kelly",51,2,5898,2,2,154,2949.00,18,327.67,VIP,50-59
745,"Stephanie Campbell",62,2,72,3,3,151,24.00,4,18.00,New,"60 and above"
746,"Allison Gonzalez",61,2,5948,5,5,155,1189.60,18,330.44,VIP,"60 and above"
747,"Seth Brooks",61,2,77,4,4,148,19.25,9,8.56,New,"60 and above"
748,"Destiny Davis",62,2,116,4,4,149,29.00,2,58.00,New,"60 and above"
749,"Blake Hill",62,5,132,8,7,149,16.50,4,33.00,New,"60 and above"
750,"Eduardo Jackson",45,3,48,4,4,147,12.00,8,6.00,New,40-49
751,"Latoya She",41,3,8148,6,6,150,1358.00,26,313.38,VIP,40-49
752,"Victoria Gonzales",50,3,8215,6,6,152,1369.17,24,342.29,VIP,50-59
753,"Lauren Bryant",44,3,138,8,8,147,17.25,9,15.33,New,40-49
754,"Felicia Ortega",50,3,48,4,4,149,12.00,5,9.60,New,50-59
755,"Janet Ortega",50,3,8163,5,5,152,1632.60,24,340.13,VIP,50-59
756,"Willie Pal",52,3,46,5,4,151,9.20,2,23.00,New,50-59
757,"Linda Ortega",52,3,8078,6,6,149,1346.33,26,310.69,VIP,50-59
758,"Vincent Cai",46,3,57,5,4,148,11.40,9,6.33,New,40-49
759,"Colin Yuan",46,3,57,5,4,148,11.40,7,8.14,New,40-49
760,"Dawn Nath",45,3,8054,3,3,152,2684.67,23,350.17,VIP,40-49
761,"Melody Moreno",52,3,275,9,9,148,30.56,7,39.29,New,50-59
762,"Edgar Mehta",53,3,8149,8,8,152,1018.63,23,354.30,VIP,50-59
763,"Randall Gomez",42,3,8228,7,7,152,1175.43,22,374.00,VIP,40-49
764,"Ross Fernandez",53,3,76,7,6,148,10.86,9,8.44,New,50-59
765,"Jessie Ramos",53,3,8129,6,6,152,1354.83,21,387.10,VIP,50-59
766,"Marc Torres",42,3,8143,5,5,152,1628.60,22,370.14,VIP,40-49
767,"Candace Raman",54,3,8280,11,11,152,752.73,21,394.29,VIP,50-59
768,"Meagan Madan",48,3,8319,7,7,152,1188.43,21,396.14,VIP,40-49
769,"Clayton Nara",43,3,8139,4,4,152,2034.75,22,369.95,VIP,40-49
770,"Haley Hernandez",47,5,478,17,14,150,28.12,4,119.50,New,40-49
771,"Peter Nara",47,2,77,4,4,149,19.25,2,38.50,New,40-49
772,"Isaac Rivera",46,2,94,3,3,152,31.33,3,31.33,New,40-49
773,"Cameron Moore",42,2,5913,4,4,154,1478.25,19,311.21,VIP,40-49
774,"Gavin Diaz",47,2,5984,4,4,155,1496.00,18,332.44,VIP,40-49
775,"Emma Sanchez",47,2,5900,3,3,153,1966.67,19,310.53,VIP,40-49
777,"Seth Mitchell",47,2,6079,4,4,154,1519.75,19,319.95,VIP,40-49
778,"Miranda Long",48,2,5915,5,5,153,1183.00,20,295.75,VIP,40-49
779,"Haley Henderson",49,2,5873,2,2,153,2936.50,20,293.65,VIP,40-49
780,"Sarah Jackson",49,2,5873,2,2,153,2936.50,20,293.65,VIP,40-49
781,"Jessica Alexander",48,2,5973,5,5,153,1194.60,20,298.65,VIP,40-49
782,"Carlos Gray",49,2,134,5,5,147,26.80,9,14.89,New,40-49
783,"Barbara Jai",44,2,151,6,6,150,25.17,1,151.00,New,40-49
784,"Sara Mitchell",43,2,110,4,3,154,27.50,1,110.00,New,40-49
785,"Jose Turner",47,5,272,12,9,147,22.67,8,34.00,New,40-49
786,"Theodore Diaz",43,2,75,3,3,151,25.00,4,18.75,New,40-49
787,"Ian Murphy",48,2,127,4,3,146,31.75,0,127,New,40-49
788,"Jerry Nath",48,2,110,4,3,149,27.50,0,110,New,40-49
789,"Destiny James",48,2,255,5,5,151,51.00,3,85.00,New,40-49
790,"Bailey Phillips",45,2,72,3,3,155,24.00,1,72.00,New,40-49
791,"Timothy Gonzalez",44,2,147,5,5,154,29.40,2,73.50,New,40-49
792,"Chase Morgan",50,2,120,3,3,148,40.00,2,60.00,New,50-59
793,"Alexia Perry",51,2,120,3,3,153,40.00,1,120.00,New,50-59
794,"Xavier Rogers",46,2,102,4,4,157,25.50,0,102,New,40-49
795,"Lauren Ross",50,2,77,4,4,146,19.25,2,38.50,New,50-59
796,"Nicole Thomas",51,2,75,3,3,148,25.00,4,18.75,New,50-59
797,"Isabel Jenkins",40,2,5995,7,7,154,856.43,19,315.53,VIP,40-49
798,"Devin Coleman",46,2,5972,6,6,153,995.33,20,298.60,VIP,40-49
799,"Brendan Chande",51,2,5953,3,3,153,1984.33,19,313.32,VIP,50-59
800,"Jessie Wang",45,2,5921,5,5,153,1184.20,19,311.63,VIP,40-49
801,"Jennifer Baker",50,2,77,4,4,151,19.25,0,77,New,50-59
802,"Aaron Sharma",51,2,87,3,3,147,29.00,0,87,New,50-59
803,"Madison Taylor",49,5,214,12,10,148,17.83,9,23.78,New,40-49
804,"Jan Hernandez",49,2,230,6,6,148,38.33,3,76.67,New,40-49
805,"Haley Turner",49,2,134,5,5,151,26.80,2,67.00,New,40-49
806,"Richard Green",49,2,129,4,4,149,32.25,6,21.50,New,40-49
807,"Jennifer Stewart",43,2,96,4,4,150,24.00,7,13.71,New,40-49
808,"Lucas Baker",49,2,153,5,5,150,30.60,4,38.25,New,40-49
809,"James Parker",51,5,609,14,12,149,43.50,6,101.50,New,50-59
810,"Juan Gray",52,2,5929,4,4,153,1482.25,19,312.05,VIP,50-59
811,"Antonio Washington",48,2,5973,5,5,153,1194.60,20,298.65,VIP,40-49
812,"Abigail Brooks",47,2,5898,2,2,153,2949.00,20,294.90,VIP,40-49
813,"Andrew Rodriguez",53,2,5900,3,3,153,1966.67,20,295.00,VIP,50-59
814,"Mary Patterson",52,2,5953,3,3,153,1984.33,20,297.65,VIP,50-59
815,"Dalton Morgan",50,2,101,5,5,150,20.20,2,50.50,New,50-59
816,"Hannah Patterson",44,2,5948,5,5,157,1189.60,16,371.75,VIP,40-49
817,"Joe Torres",44,2,5933,3,3,157,1977.67,16,370.81,VIP,40-49
818,"Morgan Miller",44,2,5898,2,2,157,2949.00,15,393.20,VIP,40-49
819,"Daniel Garcia",50,2,5954,5,5,158,1190.80,15,396.93,VIP,50-59
820,"Jose Lal",52,2,96,4,4,146,24.00,11,8.73,New,50-59
821,"Katelyn Lopez",48,5,232,10,9,147,23.20,9,25.78,New,40-49
822,"Austin Johnson",54,2,151,7,7,151,21.57,1,151.00,New,50-59
823,"Rohinton Wadia",54,2,87,3,3,151,29.00,3,29.00,New,50-59
824,"Morgan Turner",48,5,263,16,11,146,16.44,8,32.88,New,40-49
825,"Jill Martin",48,5,240,11,10,146,21.82,9,26.67,New,40-49
826,"Aimee She",54,2,5900,3,3,157,1966.67,15,393.33,VIP,50-59
827,"Jessie Alonso",54,2,5898,2,2,157,2949.00,15,393.20,VIP,50-59
828,"Sara Baker",45,5,511,15,12,147,34.07,9,56.78,New,40-49
829,"Katherine Martinez",45,2,94,3,3,155,31.33,0,94,New,40-49
830,"Sophia Campbell",50,2,131,6,6,153,21.83,3,43.67,New,50-59
831,"Taylor Garcia",51,2,5930,4,4,158,1482.50,16,370.63,VIP,50-59
832,"Christian Ross",50,2,5933,3,3,157,1977.67,15,395.53,VIP,50-59
833,"Zoe Murphy",50,2,125,4,4,150,31.25,6,20.83,New,50-59
834,"Oscar Price",44,5,240,11,11,148,21.82,5,48.00,New,40-49
835,"Fernando Flores",43,2,5908,3,3,157,1969.33,15,393.87,VIP,40-49
836,"Elijah Russell",55,2,4772,7,7,154,681.71,4,1193.00,New,50-59
837,"Garrett Travers",55,2,70,2,2,155,35.00,0,70,New,50-59
838,"Haley Alexander",49,2,5923,5,5,157,1184.60,16,370.19,VIP,40-49
839,"Justin Rodriguez",55,2,135,6,6,151,22.50,2,67.50,New,50-59
840,"Tyler Brown",49,2,5955,4,4,153,1488.75,19,313.42,VIP,40-49
841,"Julian Patterson",49,2,87,3,3,155,29.00,0,87,New,40-49
842,"Sean Nelson",56,5,307,13,10,148,23.62,5,61.40,New,50-59
843,"Justin Wilson",56,2,99,4,4,148,24.75,6,16.50,New,50-59
844,"Christy Nara",50,2,116,5,5,156,23.20,1,116.00,New,50-59
845,"Michele Alvarez",56,2,125,4,4,146,31.25,3,41.67,New,50-59
846,"Natalie Jones",96,4,197,11,8,147,17.91,9,21.89,New,"60 and above"
847,"Savannah Reed",56,2,85,2,2,152,42.50,2,42.50,New,50-59
848,"Cassidy Diaz",55,2,125,4,4,148,31.25,4,31.25,New,50-59
849,"Joshua Lewis",51,2,92,4,4,147,23.00,4,23.00,New,50-59
850,"Faith Reed",56,2,258,5,5,146,51.60,1,258.00,New,50-59
851,"Brooke Ramirez",45,2,149,5,5,154,29.80,1,149.00,New,40-49
852,"Jada Mitchell",57,2,85,2,2,148,42.50,5,17.00,New,50-59
853,"Kyle Russell",56,2,125,4,4,151,31.25,1,125.00,New,50-59
854,"Grace Jones",46,2,90,3,3,153,30.00,1,90.00,New,40-49
855,"Jason Mitchell",52,2,5985,8,8,153,748.13,19,315.00,VIP,50-59
856,"Christian Walker",51,2,90,3,3,150,30.00,4,22.50,New,50-59
857,"Seth Hernandez",57,2,134,5,5,147,26.80,1,134.00,New,50-59
858,"Isabella Young",52,2,125,4,4,148,31.25,1,125.00,New,50-59
859,"Jordan Coleman",57,2,85,2,2,152,42.50,3,28.33,New,50-59
860,"Blake Garcia",58,2,72,3,3,148,24.00,7,10.29,New,50-59
861,"Nicole Walker",58,2,70,2,2,148,35.00,4,17.50,New,50-59
862,"Katherine Carter",58,5,287,13,11,147,22.08,7,41.00,New,50-59
863,"Olivia Peterson",53,2,209,5,5,149,41.80,5,41.80,New,50-59
864,"Jessica Wood",58,2,48,3,3,151,16.00,0,48,New,50-59
865,"Elizabeth Thompson",59,2,48,3,3,153,16.00,3,16.00,New,50-59
866,"Chloe Rivera",59,2,115,4,4,149,28.75,7,16.43,New,50-59
867,"Lucas Scott",59,2,43,2,2,155,21.50,2,21.50,New,50-59
868,"Nathaniel James",54,2,83,4,4,149,20.75,4,20.75,New,50-59
869,"Jessica Peterson",53,5,248,11,10,147,22.55,10,24.80,New,50-59
870,"Kaitlyn Adams",41,5,268,14,12,146,19.14,9,29.78,New,40-49
871,"Jillian Garcia",47,2,242,5,5,146,48.40,5,48.40,New,40-49
872,"Dalton Bennett",47,2,70,2,2,154,35.00,3,23.33,New,40-49
873,"Faith Patterson",47,2,5948,5,5,153,1189.60,20,297.40,VIP,40-49
874,"Ryan Zhang",53,2,5923,5,5,153,1184.60,19,311.74,VIP,50-59
875,"Adrian Bell",48,2,72,5,5,146,14.40,5,14.40,New,40-49
876,"Jonathan Brown",60,5,292,11,10,146,26.55,9,32.44,New,"60 and above"
877,"Madison White",59,2,83,4,4,150,20.75,3,27.67,New,50-59
878,"Alexis Diaz",59,2,43,2,2,147,21.50,2,21.50,New,50-59
879,"Christine Nara",55,2,83,4,4,147,20.75,0,83,New,50-59
880,"Edgar Sai",54,2,107,5,5,149,21.40,8,13.38,New,50-59
881,"Melissa Sanchez",61,2,50,4,4,149,12.50,6,8.33,New,"60 and above"
882,"Richard Mitchell",61,2,149,7,7,147,21.29,0,149,New,"60 and above"
883,"Patrick Stewart",50,2,48,3,3,152,16.00,4,12.00,New,50-59
884,"Hannah Anderson",61,2,77,4,4,148,19.25,8,9.63,New,"60 and above"
885,"Latoya Shen",55,2,110,4,3,147,27.50,10,11.00,New,50-59
886,"Kurt Sharma",55,2,5900,3,3,158,1966.67,15,393.33,VIP,50-59
887,"Katelyn Parker",62,2,5897,4,4,153,1474.25,19,310.37,VIP,"60 and above"
888,"Joseph White",62,2,83,4,4,153,20.75,0,83,New,"60 and above"
889,"Aaron Ross",56,1,2377,3,3,156,792.33,0,2377,New,50-59
890,"Blake Patterson",62,2,50,4,4,157,12.50,0,50,New,"60 and above"
891,"Whitney Lopez",61,2,130,6,6,153,21.67,3,43.33,New,"60 and above"
892,"Jamie Liang",56,2,110,4,4,153,27.50,3,36.67,New,50-59
893,"Julio Ortega",50,3,8119,5,5,152,1623.80,22,369.05,VIP,50-59
894,"Orlando Carlson",51,3,8123,5,5,152,1624.60,22,369.23,VIP,50-59
895,"Ann Gonzalez",45,3,8223,9,9,152,913.67,21,391.57,VIP,40-49
896,"Dustin Chander",51,3,8149,5,5,152,1629.80,22,370.41,VIP,50-59
897,"Frank Carlson",50,3,8118,6,6,152,1353.00,22,369.00,VIP,50-59
898,"Orlando Ashe",51,3,8203,6,5,149,1367.17,25,328.12,VIP,50-59
899,"Angela Henderson",50,3,8179,6,6,152,1363.17,22,371.77,VIP,50-59
900,"Brenda Perez",50,3,8189,7,7,152,1169.86,22,372.23,VIP,50-59
901,"Byron Carlson",45,3,8257,7,7,152,1179.57,21,393.19,VIP,40-49
902,"Stacy Alvarez",52,3,8248,7,6,148,1178.29,25,329.92,VIP,50-59
903,"Drew Pal",53,3,62,6,5,147,10.33,10,6.20,New,50-59
904,"Kate Raji",40,3,8108,4,4,152,2027.00,21,386.10,VIP,40-49
905,"Kaylee Cook",39,3,8214,7,7,153,1173.43,21,391.14,VIP,30-39
906,"Isaiah Ramirez",51,3,8156,7,7,152,1165.14,22,370.73,VIP,50-59
907,"Gabriella Sanders",53,3,8151,7,7,152,1164.43,22,370.50,VIP,50-59
908,"Sarah Garcia",53,3,8135,5,5,152,1627.00,21,387.38,VIP,50-59
909,"Rafael Tang",54,3,8079,3,3,151,2693.00,23,351.26,VIP,50-59
910,"Nichole She",54,3,8105,7,7,152,1157.86,22,368.41,VIP,50-59
911,"Jaclyn Zheng",54,3,8113,5,5,152,1622.60,21,386.33,VIP,50-59
912,"Rachael Kapoor",53,3,62,4,4,147,15.50,6,10.33,New,50-59
914,"Rebecca Robinson",55,3,41,4,4,147,10.25,0,41,New,50-59
915,"Meagan Rana",46,3,8166,8,8,151,1020.75,22,371.18,VIP,40-49
917,"Joe Rana",49,3,8179,7,7,151,1168.43,22,371.77,VIP,40-49
918,"Roy Sanz",54,3,8121,6,6,151,1353.50,21,386.71,VIP,50-59
919,"Kaylee Hill",56,3,8205,8,8,148,1025.63,25,328.20,VIP,50-59
920,"Warren Andersen",56,3,8172,8,8,147,1021.50,26,314.31,VIP,50-59
921,"Adrienne Gomez",51,3,8156,7,7,147,1165.14,26,313.69,VIP,50-59
922,"Gilbert Zhu",55,3,63,5,5,148,12.60,2,31.50,New,50-59
923,"James Davis",41,5,276,12,10,149,23.00,8,34.50,New,40-49
924,"Sarah Bryant",40,2,43,2,2,146,21.50,10,4.30,New,40-49
925,"Ian Long",40,2,5897,5,5,153,1179.40,19,310.37,VIP,40-49
926,"Ashlee Jai",41,2,5968,5,5,153,1193.60,20,298.40,VIP,40-49
927,"Eduardo Foster",42,2,48,3,3,153,16.00,1,48.00,New,40-49
928,"Nicole Murphy",42,2,52,3,3,146,17.33,0,52,New,40-49
929,"Isabella Morris",42,2,48,3,3,147,16.00,6,8.00,New,40-49
930,"Virginia Gonzalez",63,3,4965,8,7,147,620.63,26,190.96,Regular,"60 and above"
931,"Jaclyn Nara",73,3,5035,5,5,147,1007.00,26,193.65,VIP,"60 and above"
932,"Marcus Adams",41,2,234,7,7,149,33.43,8,29.25,New,40-49
933,"Elizabeth Coleman",42,2,136,6,6,152,22.67,2,68.00,New,40-49
934,"Mathew Rubio",43,2,5933,3,3,153,1977.67,20,296.65,VIP,40-49
935,"Justin Shan",42,2,5994,5,5,153,1198.80,18,333.00,VIP,40-49
936,"Jessica Taylor",42,1,35,1,1,153,35.00,0,35,New,40-49
937,"Hunter Clark",43,1,42,3,3,156,14.00,0,42,New,40-49
938,"Devin Perez",43,2,5888,4,4,153,1472.00,20,294.40,VIP,40-49
939,"Seth Alexander",43,2,43,2,2,146,21.50,10,4.30,New,40-49
940,"Kevin Washington",43,2,5977,5,5,153,1195.40,19,314.58,VIP,40-49
941,"Tyler Miller",43,2,70,2,2,147,35.00,4,17.50,New,40-49
942,"Adam Roberts",43,2,109,5,5,149,21.80,2,54.50,New,40-49
943,"George Gonzalez",71,3,4827,8,6,147,603.38,26,185.65,Regular,"60 and above"
944,"Dawn Huang",71,3,4734,7,7,147,676.29,25,189.36,Regular,"60 and above"
945,"Rachael Rodriguez",69,3,4776,9,8,147,530.67,26,183.69,Regular,"60 and above"
946,"Dennis Huang",40,2,5910,4,4,150,1477.50,22,268.64,VIP,40-49
947,"Brandy Saunders",69,3,4697,5,5,147,939.40,26,180.65,Regular,"60 and above"
948,"Jenny Zheng",68,3,4747,6,6,147,791.17,26,182.58,Regular,"60 and above"
949,"Tasha Xu",69,2,82,4,4,149,20.50,1,82.00,New,"60 and above"
950,"Julia Brooks",39,2,70,2,2,150,35.00,2,35.00,New,30-39
951,"Jordan Carter",41,2,110,4,4,148,27.50,8,13.75,New,40-49
952,"Lacey Huang",68,3,63,8,6,148,7.88,2,31.50,New,"60 and above"
953,"Dorothy Robinson",66,3,8169,7,7,151,1167.00,22,371.32,VIP,"60 and above"
954,"Courtney Wright",45,2,65,6,6,150,10.83,7,9.29,New,40-49
955,"Joseph Garcia",45,2,5910,4,4,153,1477.50,19,311.05,VIP,40-49
956,"Gabriel Green",45,2,5953,3,3,153,1984.33,19,313.32,VIP,40-49
957,"Alexandria Sandberg",40,2,5873,2,2,154,2936.50,19,309.11,VIP,40-49
958,"Courtney Hernandez",47,2,91,6,6,146,15.17,10,9.10,New,40-49
959,"Dylan Lal",47,2,160,5,5,148,32.00,4,40.00,New,40-49
960,"Elizabeth Davis",47,2,139,4,4,148,34.75,7,19.86,New,40-49
961,"Ana Griffin",47,2,75,3,3,152,25.00,4,18.75,New,40-49
962,"Anne Alvarez",47,2,72,3,3,149,24.00,7,10.29,New,40-49
963,"Alexandra Roberts",43,2,103,4,4,151,25.75,0,103,New,40-49
964,"Antonio Patterson",65,3,8068,5,5,151,1613.60,22,366.73,VIP,"60 and above"
965,"Sharon Salavaria",59,3,8173,6,6,151,1362.17,21,389.19,VIP,50-59
966,"Katie She",63,3,118,6,6,148,19.67,9,13.11,New,"60 and above"
967,"Rafael Black",59,3,55,4,4,147,13.75,1,55.00,New,50-59
968,"Latasha Munoz",63,3,8153,6,6,151,1358.83,21,388.24,VIP,"60 and above"
969,"Kelsey Becker",61,3,8079,3,3,151,2693.00,21,384.71,VIP,"60 and above"
970,"Randy Xu",62,3,8173,6,6,151,1362.17,21,389.19,VIP,"60 and above"
971,"Bailey Collins",41,2,110,4,3,150,27.50,3,36.67,New,40-49
972,"Amanda Adams",47,2,134,5,5,148,26.80,7,19.14,New,40-49
973,"Katherine Williams",46,2,65,6,6,147,10.83,1,65.00,New,40-49
974,"Caroline Barnes",46,2,89,5,5,156,17.80,0,89,New,40-49
975,"Randy Sun",46,2,113,6,6,148,18.83,1,113.00,New,40-49
976,"Destiny Garcia",46,2,209,6,6,149,34.83,2,104.50,New,40-49
977,"Audrey Ramos",55,3,8087,6,6,151,1347.83,22,367.59,VIP,50-59
978,"Bonnie Jai",61,3,8213,8,8,151,1026.63,21,391.10,VIP,"60 and above"
979,"Jackson Washington",48,2,75,3,3,148,25.00,9,8.33,New,40-49
980,"Christopher Johnson",63,2,4814,8,8,154,601.75,2,2407.00,New,"60 and above"
981,"Kimberly Richardson",62,2,108,5,5,148,21.60,2,54.00,New,"60 and above"
982,"Alexandria Howard",63,2,120,6,6,146,20.00,9,13.33,New,"60 and above"
983,"Alexandra Foster",63,2,105,5,5,150,21.00,1,105.00,New,"60 and above"
984,"Cheryl Ortega",58,2,5873,2,2,157,2936.50,15,391.53,VIP,50-59
985,"Alex Campbell",63,2,4730,6,6,154,788.33,2,2365.00,New,"60 and above"
986,"Melanie Hughes",62,2,90,3,3,147,30.00,10,9.00,New,"60 and above"
987,"Max Alvarez",57,3,8245,11,11,151,749.55,21,392.62,VIP,50-59
988,"Diane Vazquez",52,3,278,8,7,148,34.75,4,69.50,New,50-59
989,"Kathryn Chapman",58,3,8078,6,6,151,1346.33,20,403.90,VIP,50-59
990,"Kara Anand",42,3,8140,5,5,151,1628.00,21,387.62,VIP,40-49
991,"Joanna Vazquez",58,3,8164,7,6,151,1166.29,21,388.76,VIP,50-59
992,"Frederick Martinez",58,3,8128,6,6,147,1354.67,25,325.12,VIP,50-59
993,"Tonya Chande",53,3,8123,5,5,147,1624.60,24,338.46,VIP,50-59
994,"Rosa Wang",48,3,8131,7,7,147,1161.57,25,325.24,VIP,40-49
995,"Leah Hu",48,3,8169,5,5,151,1633.80,20,408.45,VIP,40-49
996,"Kelvin Carson",60,3,8249,7,7,147,1178.43,25,329.96,VIP,"60 and above"
997,"Veronica Srini",60,3,7059,11,10,152,641.73,20,352.95,VIP,"60 and above"
998,"Kristina Kapoor",55,3,7030,7,7,151,1004.29,21,334.76,VIP,50-59
999,"Donna Sharma",60,3,6962,7,7,151,994.57,21,331.52,VIP,"60 and above"
1000,"Johnny Shan",60,3,7043,9,9,152,782.56,20,352.15,VIP,"60 and above"
1001,"Ashley Russell",55,3,8183,8,8,151,1022.88,20,409.15,VIP,50-59
1002,"Shannon Yang",44,3,8113,7,7,151,1159.00,21,386.33,VIP,40-49
1003,"Adriana Lopez",56,3,8145,6,6,152,1357.50,20,407.25,VIP,50-59
1004,"Audrey Munoz",46,3,8256,8,8,151,1032.00,21,393.14,VIP,40-49
1005,"Jarrod Suri",51,3,8114,4,4,151,2028.50,21,386.38,VIP,50-59
1006,"Gilbert Shen",52,3,6985,6,6,151,1164.17,20,349.25,VIP,50-59
1007,"Richard Blue",53,3,144,6,6,152,24.00,2,72.00,New,50-59
1008,"Shannon Sun",59,3,7024,8,7,150,878.00,21,334.48,VIP,50-59
